Community,Feature_1,Feature_2,Feature_3,Feature_4
1,8,1,0.19,0.33
2,53,1,0.0,0.16
3,24,1,0.0,0.42
4,34,1,0.04,0.77
5,42,1,0.01,0.55
6,6,1,0.02,0.28
7,44,1,0.01,0.39
8,6,1,0.01,0.74
9,21,1,0.03,0.34
10,29,1,0.01,0.4
11,6,1,0.13,0.71
12,36,1,0.02,0.46
13,25,1,0.03,0.47
14,55,1,0.01,0.44
15,6,1,0.04,0.36
16,19,1,0.03,0.34
17,36,1,0.15,0.31
18,34,1,0.01,0.53
19,18,1,0.02,0.47
20,42,1,0.0,0.41
21,6,1,0.25,0.54
22,12,1,1.0,0.42
23,41,1,0.01,0.34
24,19,1,0.11,0.43
25,6,1,0.02,0.96
26,8,1,0.0,0.33
27,6,1,0.06,0.49
28,39,1,0.01,0.37
29,54,1,0.01,0.27
30,9,1,0.0,0.5
31,1,1,0.01,0.3
32,19,1,0.29,0.34
33,1,1,0.04,0.37
34,51,1,0.09,0.43
35,6,1,0.03,0.36
36,18,1,0.19,0.3
37,6,1,0.03,0.56
38,41,1,0.01,0.52
39,40,1,0.02,0.5
40,34,1,0.01,0.14
41,34,1,0.01,0.46
42,44,1,0.06,0.37
43,1,1,0.0,0.45
44,6,1,0.09,0.37
45,34,1,0.02,0.73
46,8,1,0.12,0.41
47,34,1,0.03,0.67
48,35,1,0.0,0.47
49,8,1,0.04,0.32
50,33,1,0.01,0.35
51,18,1,0.06,0.31
52,6,1,0.35,0.62
53,34,1,0.04,0.52
54,34,1,0.02,0.62
55,39,1,0.0,0.47
56,48,1,0.01,0.48
57,6,1,0.16,0.44
58,53,1,0.0,0.34
59,1,1,0.24,0.37
60,34,1,0.0,0.4
61,34,1,0.01,0.36
62,51,1,0.02,0.41
63,41,1,0.0,0.38
64,4,1,0.01,0.59
65,6,1,0.02,0.5
66,6,1,0.04,0.25
67,37,1,0.07,0.42
68,34,1,0.01,0.43
69,34,1,0.05,0.59
70,36,1,0.0,0.39
71,29,1,0.04,0.57
72,6,1,0.05,0.46
73,19,1,0.04,0.58
74,9,1,0.02,0.49
75,9,1,0.08,0.39
76,25,1,0.02,0.21
77,40,1,0.02,0.41
78,48,1,0.08,0.43
79,8,1,0.14,0.4
80,8,1,0.34,0.35
81,36,1,0.29,0.42
82,49,1,0.09,0.43
83,48,1,0.0,0.42
84,39,1,0.01,0.52
85,46,1,0.0,0.65
86,29,1,0.0,0.36
87,4,1,0.02,0.34
88,6,1,0.02,0.04
89,41,1,0.0,0.37
90,6,1,0.04,0.34
91,12,1,0.02,0.3
92,28,1,0.02,0.58
93,44,1,0.0,0.45
94,41,1,0.0,0.49
95,6,1,0.04,0.47
96,25,1,0.07,0.34
97,6,1,0.03,0.32
98,19,1,0.06,0.63
99,9,1,0.01,0.6
100,33,1,0.14,0.34
101,40,1,0.11,0.47
102,34,1,0.0,0.27
103,12,1,0.18,0.26
104,48,1,0.24,0.4
105,46,1,0.0,0.39
106,22,1,0.01,0.36
107,6,1,0.05,0.35
108,42,1,0.01,0.51
109,48,1,0.0,0.49
110,4,1,0.64,0.35
111,12,1,0.06,0.24
112,42,1,0.01,0.34
113,25,1,0.02,0.66
114,6,1,0.13,0.39
115,6,1,0.0,0.4
116,34,1,0.01,0.61
117,6,1,0.16,0.64
118,42,1,0.02,0.53
119,12,1,0.03,0.28
120,6,1,0.12,0.07
121,12,1,0.06,0.43
122,34,1,0.02,0.51
123,39,1,0.03,0.68
124,45,1,0.0,0.45
125,33,1,0.02,0.45
126,39,1,0.01,0.45
127,42,1,0.05,0.33
128,6,1,0.01,0.56
129,6,1,0.03,0.78
130,39,1,0.0,0.39
131,28,1,0.02,0.38
132,25,1,0.0,0.5
133,16,1,0.01,0.49
134,6,1,0.05,0.71
135,34,1,0.1,0.34
136,34,1,0.01,0.41
137,25,1,0.0,0.53
138,6,1,0.04,0.29
139,47,1,0.0,0.33
140,6,1,0.01,0.43
141,6,1,0.03,0.83
142,33,1,0.03,0.52
143,5,1,0.03,0.55
144,34,1,0.02,0.7
145,6,1,0.06,0.49
146,25,1,0.15,0.51
147,22,1,0.34,0.43
148,42,1,0.01,0.34
149,12,1,0.01,0.48
150,12,1,0.02,0.47
151,48,1,0.12,0.49
152,37,1,0.11,0.39
153,39,1,0.01,0.41
154,44,1,0.03,0.46
155,12,1,0.0,0.39
156,34,1,0.08,0.67
157,6,1,0.02,0.42
158,37,1,0.01,0.41
159,12,1,0.14,0.22
160,40,1,0.0,0.55
161,29,1,0.01,0.44
162,9,1,0.03,0.29
163,25,1,0.04,0.54
164,25,1,0.02,0.52
165,34,1,0.01,0.27
166,6,1,0.04,0.6
167,51,1,0.04,0.67
168,48,1,0.01,0.41
169,37,1,0.02,0.37
170,39,1,0.06,0.35
171,54,1,0.07,0.28
172,42,1,0.0,0.44
173,18,1,0.0,0.4
174,48,1,0.03,0.9
175,25,1,0.11,0.4
176,34,1,0.13,0.51
177,42,1,0.02,0.47
178,34,1,0.35,0.5
179,53,1,0.01,0.31
180,40,1,0.0,0.24
181,39,1,0.03,0.34
182,35,1,0.0,0.49
183,48,1,0.0,0.5
184,34,1,0.0,0.67
185,9,1,0.07,0.35
186,37,1,0.28,0.33
187,12,1,0.11,0.59
188,18,1,0.02,0.46
189,42,1,0.01,0.49
190,39,1,0.02,0.63
191,34,1,0.01,0.58
192,25,1,0.04,0.42
193,39,1,0.02,0.97
194,48,1,0.02,0.73
195,49,1,0.0,0.97
196,25,1,0.0,0.59
197,50,1,0.01,0.58
198,13,1,0.2,0.44
199,6,1,0.09,0.39
200,37,1,0.01,0.29
201,12,2,0.03,0.58
202,34,2,0.0,0.44
203,18,2,0.01,0.56
204,6,2,0.01,0.89
205,42,2,0.0,0.35
206,41,2,0.16,0.32
207,6,2,0.2,0.37
208,39,2,0.0,0.35
209,25,2,0.03,0.4
210,45,2,0.0,0.31
211,24,2,0.01,0.36
212,54,2,0.0,0.31
213,12,2,0.03,0.19
214,34,2,0.01,0.44
215,48,2,0.01,0.64
216,6,2,0.07,0.48
217,48,2,0.03,0.58
218,49,2,0.0,0.86
219,51,2,0.07,0.33
220,23,2,0.02,0.35
221,55,2,0.0,0.52
222,36,2,0.02,0.38
223,42,2,0.07,0.42
224,39,2,0.0,0.48
225,55,2,0.04,0.4
226,1,2,0.0,0.31
227,48,2,0.02,0.37
228,44,2,0.1,0.33
229,45,2,0.0,0.45
230,13,2,0.01,0.24
231,19,2,0.0,0.38
232,42,2,0.0,0.5
233,53,2,0.02,0.32
234,9,2,0.19,0.44
235,25,2,0.03,0.54
236,48,2,0.01,0.62
237,6,2,0.03,0.8
238,55,2,0.02,0.61
239,25,2,0.05,0.51
240,53,2,0.04,0.35
241,25,2,0.03,0.52
242,42,2,0.02,0.29
243,6,2,0.11,0.57
244,6,2,0.15,1.0
245,39,2,0.02,0.48
246,6,2,0.08,0.41
247,6,2,0.08,0.46
248,12,2,0.01,0.19
249,45,2,0.05,0.41
250,55,2,0.07,0.39
251,37,2,0.62,0.35
252,12,2,0.1,0.3
253,18,2,0.02,0.51
254,34,2,0.0,0.39
255,42,2,0.01,0.57
256,45,2,0.1,0.61
257,29,2,0.01,0.31
258,42,2,0.0,0.41
259,54,2,0.01,0.24
260,48,2,0.0,0.72
261,18,2,0.02,0.35
262,12,2,0.02,0.23
263,51,2,0.31,0.3
264,9,2,0.03,0.66
265,44,2,0.03,0.51
266,47,2,0.03,0.27
267,1,2,0.28,0.45
268,29,2,0.01,0.36
269,29,2,0.0,0.62
270,25,2,0.01,0.32
271,25,2,0.03,0.54
272,47,2,0.04,0.27
273,12,2,0.0,0.19
274,18,2,0.04,0.46
275,25,2,0.0,0.67
276,6,2,0.06,0.64
277,1,2,0.02,0.41
278,9,2,0.06,0.39
279,9,2,0.01,0.55
280,38,2,0.06,0.39
281,48,2,0.01,0.33
282,25,2,0.01,0.22
283,42,2,0.01,0.4
284,8,2,0.03,0.21
285,34,2,0.01,0.56
286,48,2,0.01,0.45
287,34,2,0.03,0.35
288,33,2,0.0,0.69
289,48,2,0.02,0.43
290,25,2,0.01,0.52
291,34,2,0.02,0.35
292,51,2,0.0,0.79
293,42,2,0.01,0.62
294,42,2,0.15,0.34
295,39,2,0.02,0.35
296,34,2,0.04,0.48
297,6,2,0.67,0.46
298,34,2,0.01,0.72
299,6,2,0.0,0.9
300,53,2,0.06,0.26
301,39,2,0.02,0.52
302,1,2,0.0,0.35
303,1,2,0.01,0.44
304,13,2,0.02,0.35
305,40,2,0.02,0.42
306,6,2,0.04,0.2
307,48,2,0.09,0.54
308,39,2,0.03,0.35
309,34,2,0.03,0.39
310,25,2,0.02,0.39
311,29,2,0.01,0.53
312,34,2,0.07,0.57
313,34,2,0.08,0.32
314,39,2,0.12,0.37
315,34,2,0.01,0.39
316,36,2,0.08,0.3
317,37,2,0.01,0.47
318,6,2,0.01,0.87
319,39,2,0.0,0.24
320,6,2,0.01,0.4
321,21,2,0.0,0.48
322,40,2,0.02,0.32
323,23,2,0.02,0.41
324,48,2,0.09,0.48
325,6,2,0.08,0.57
326,4,2,0.02,0.98
327,19,2,0.0,0.33
328,47,2,0.04,0.52
329,34,2,0.01,0.68
330,6,2,0.04,0.64
331,39,2,0.05,0.55
332,48,2,0.04,0.43
333,34,2,0.03,0.52
334,34,2,0.04,0.31
335,48,2,0.01,0.48
336,42,2,0.06,0.52
337,49,2,0.12,0.96
338,39,2,0.03,0.6
339,9,2,0.07,0.38
340,48,2,0.0,0.6
341,34,2,0.11,0.51
342,39,2,0.0,0.57
343,25,2,0.0,1.0
344,36,2,0.04,0.4
345,55,2,0.01,0.34
346,55,2,0.14,0.36
347,53,2,0.81,0.19
348,8,2,0.08,0.45
349,34,2,0.0,0.43
350,53,2,0.02,0.71
351,9,2,0.0,0.37
352,39,2,0.02,0.4
353,46,2,0.02,0.35
354,39,2,0.01,0.57
355,49,2,0.09,1.0
356,36,2,0.01,0.45
357,25,2,0.06,0.45
358,34,2,0.01,0.47
359,18,2,0.01,0.33
360,40,2,0.0,0.61
361,1,2,0.02,0.43
362,29,2,0.02,0.39
363,1,2,0.41,0.37
364,41,2,0.0,0.56
365,41,2,0.02,0.43
366,18,2,0.15,0.36
367,42,2,0.16,0.4
368,48,2,0.01,0.7
369,48,2,0.07,0.58
370,29,2,0.07,0.45
371,48,2,0.03,0.38
372,13,2,0.03,0.15
373,55,2,0.01,0.48
374,33,2,0.02,0.59
375,13,2,0.01,0.4
376,6,2,0.02,0.56
377,9,2,0.03,0.43
378,49,2,0.01,0.55
379,34,2,0.02,0.5
380,45,2,0.01,0.33
381,42,2,0.11,0.36
382,47,2,0.01,0.76
383,34,2,0.02,0.5
384,8,2,0.0,0.46
385,34,2,0.16,0.52
386,48,2,0.0,0.49
387,6,2,0.08,1.0
388,48,2,0.0,0.38
389,6,2,0.17,0.83
390,39,2,0.01,0.48
391,6,2,0.0,0.62
392,53,2,0.01,0.56
393,37,2,0.03,0.49
394,48,2,0.03,0.49
395,48,2,0.0,0.68
396,16,2,0.03,0.33
397,48,2,0.14,1.0
398,42,2,0.01,0.31
399,51,2,0.01,0.39
400,12,2,0.03,0.0
401,39,3,0.07,0.36
402,55,3,0.99,0.42
403,22,3,0.0,0.45
404,48,3,0.0,0.76
405,6,3,0.01,0.64
406,4,3,0.01,0.77
407,27,3,0.01,0.32
408,8,3,0.01,0.55
409,37,3,0.06,0.41
410,6,3,0.03,0.29
411,12,3,0.04,0.41
412,36,3,0.02,0.49
413,37,3,0.01,0.35
414,24,3,1.0,0.44
415,34,3,0.02,0.59
416,12,3,0.0,0.34
417,18,3,0.0,0.48
418,34,3,0.0,0.36
419,25,3,0.01,0.51
420,48,3,0.01,0.41
421,1,3,0.03,0.34
422,25,3,0.04,0.34
423,34,3,0.01,0.33
424,21,3,0.05,0.36
425,42,3,0.01,0.43
426,48,3,0.01,0.49
427,42,3,0.01,0.54
428,45,3,0.03,0.35
429,48,3,0.03,0.48
430,6,3,0.19,0.49
431,44,3,0.02,0.39
432,6,3,0.58,0.39
433,55,3,0.0,0.37
434,28,3,0.05,0.38
435,23,3,0.0,0.56
436,34,3,0.0,0.4
437,36,3,0.06,0.53
438,9,3,0.01,0.37
439,6,3,0.43,0.53
440,8,3,0.03,0.24
441,12,3,0.01,0.56
442,47,3,0.03,0.38
443,5,3,0.01,0.35
444,39,3,0.01,0.32
445,48,3,0.08,0.33
446,47,3,0.01,0.38
447,1,3,0.0,0.41
448,34,3,0.08,0.49
449,34,3,0.02,0.56
450,39,3,0.02,0.37
451,47,3,0.0,0.47
452,55,3,0.04,0.34
453,37,3,0.03,0.34
454,18,3,0.05,0.35
455,48,3,0.15,0.42
456,49,3,0.01,0.79
457,29,3,0.03,0.31
458,12,3,0.03,0.56
459,51,3,0.0,0.37
460,33,3,0.02,0.67
461,13,3,0.0,0.49
462,39,3,0.04,0.56
463,6,3,0.0,1.0
464,25,3,0.06,0.55
465,53,3,0.27,0.29
466,8,3,0.0,0.36
467,34,3,0.01,0.71
468,6,3,0.02,0.4
469,39,3,0.03,0.38
470,34,3,0.0,0.46
471,53,3,0.1,0.33
472,49,3,0.1,1.0
473,13,3,0.03,0.37
474,37,3,0.03,0.31
475,13,3,0.01,0.5
476,53,3,0.01,0.3
477,55,3,0.04,0.45
478,6,3,0.08,0.68
479,55,3,0.01,0.35
480,47,3,0.01,0.34
481,12,3,0.01,0.38
482,6,3,0.03,0.6
483,21,3,0.03,0.24
484,48,3,0.05,0.34
485,36,3,0.04,0.62
486,48,3,0.73,0.32
487,53,3,0.04,0.34
488,39,3,0.03,0.34
489,47,3,0.02,0.33
490,34,3,0.01,0.41
491,34,3,0.0,0.66
492,28,3,0.02,0.37
493,25,3,0.01,0.63
494,34,3,0.06,0.61
495,53,3,0.02,0.6
496,35,3,0.0,0.46
497,9,3,0.11,0.39
498,39,3,0.06,0.36
499,25,3,0.01,0.47
500,6,3,0.25,0.62
501,25,3,0.04,0.45
502,5,3,0.06,0.41
503,34,3,0.03,0.39
504,55,3,0.0,0.67
505,40,3,0.07,0.39
506,47,3,0.25,0.29
507,39,3,0.1,0.47
508,41,3,0.07,0.31
509,48,3,0.0,0.62
510,23,3,0.0,0.39
511,40,3,0.05,0.6
512,55,3,0.11,0.46
513,39,3,0.02,0.32
514,6,3,0.17,0.35
515,40,3,0.04,0.33
516,42,3,0.0,0.46
517,34,3,0.04,0.39
518,5,3,0.02,0.44
519,8,3,0.01,0.6
520,19,3,0.0,0.31
521,12,3,0.09,0.33
522,25,3,0.05,0.4
523,39,3,1.0,0.34
524,5,3,0.0,0.4
525,36,3,0.03,0.42
526,35,3,0.6,0.36
527,13,3,0.01,0.54
528,36,3,0.0,0.35
529,6,3,0.08,0.98
530,44,3,0.0,0.37
531,34,3,0.0,0.39
532,8,3,0.04,0.44
533,39,3,0.52,0.38
534,6,3,0.02,0.65
535,42,3,0.0,0.28
536,45,3,0.01,0.41
537,55,3,0.02,0.49
538,34,3,0.0,0.52
539,34,3,0.01,0.39
540,37,3,0.01,0.3
541,42,3,0.08,0.47
542,6,3,0.05,0.61
543,42,3,0.01,0.34
544,25,3,0.01,0.52
545,34,3,0.08,0.52
546,6,3,0.01,0.79
547,34,3,0.01,0.46
548,18,3,0.03,0.47
549,19,3,0.03,0.33
550,36,3,0.01,0.29
551,19,3,0.02,0.42
552,41,3,0.01,0.48
553,6,3,0.12,0.9
554,9,3,0.16,0.4
555,34,3,0.02,0.42
556,37,3,0.02,0.37
557,23,3,0.02,0.45
558,20,3,0.47,0.34
559,6,3,0.04,0.37
560,6,3,0.02,0.3
561,34,3,0.01,0.33
562,18,3,0.0,0.36
563,34,3,0.05,0.43
564,1,3,0.04,0.33
565,6,3,1.0,0.55
566,38,3,0.04,0.34
567,47,3,0.03,0.37
568,6,3,0.1,0.53
569,48,3,0.4,0.56
570,48,3,0.02,0.34
571,6,3,0.07,0.71
572,12,3,0.02,0.31
573,44,3,0.11,0.41
574,36,3,0.03,0.66
575,42,3,0.02,0.33
576,39,3,0.01,0.55
577,42,3,0.01,0.41
578,25,3,0.02,0.54
579,18,3,0.05,0.32
580,9,3,0.01,0.4
581,34,3,0.0,0.59
582,34,3,0.0,0.57
583,29,3,0.01,0.38
584,36,3,0.01,0.31
585,34,3,0.1,0.53
586,9,3,0.01,0.39
587,13,3,0.11,0.52
588,48,3,0.0,0.9
589,42,3,0.11,0.35
590,56,3,0.03,0.4
591,40,3,0.01,0.39
592,42,3,0.07,0.32
593,47,3,0.04,0.66
594,34,3,0.0,0.49
595,9,3,0.02,0.51
596,39,3,0.03,0.39
597,36,3,0.06,0.36
598,25,3,0.07,0.43
599,18,3,0.05,0.35
600,1,3,0.0,0.51
601,36,4,1.0,0.41
602,6,4,0.04,0.46
603,36,4,0.0,0.23
604,6,4,0.07,0.26
605,12,4,0.04,0.45
606,21,4,0.01,0.47
607,54,4,0.0,0.33
608,18,4,0.03,0.49
609,36,4,0.02,0.32
610,42,4,0.02,0.58
611,6,4,0.09,0.49
612,42,4,0.04,0.38
613,29,4,0.16,0.35
614,25,4,0.05,0.31
615,6,4,0.0,0.4
616,36,4,0.01,0.33
617,39,4,0.01,0.45
618,46,4,0.07,0.4
619,45,4,0.01,0.42
620,6,4,0.05,0.51
621,13,4,0.01,0.47
622,55,4,0.07,0.45
623,33,4,0.0,0.43
624,25,4,0.05,0.4
625,6,4,0.07,0.66
626,56,4,0.06,0.34
627,34,4,0.01,0.42
628,23,4,0.02,0.47
629,48,4,0.01,0.33
630,55,4,0.01,0.39
631,18,4,0.17,0.54
632,34,4,0.13,0.56
633,51,4,0.01,0.33
634,28,4,0.01,0.61
635,21,4,0.0,0.34
636,41,4,0.03,0.32
637,48,4,0.02,0.79
638,25,4,0.13,0.53
639,12,4,0.08,0.28
640,46,4,0.14,0.37
641,6,4,0.0,0.83
642,9,4,0.21,0.47
643,1,4,0.0,0.48
644,49,4,0.04,0.77
645,25,4,0.01,0.6
646,12,4,0.0,0.65
647,48,4,0.0,1.0
648,34,4,0.0,0.41
649,6,4,0.03,0.6
650,1,4,0.0,0.43
651,51,4,0.01,0.65
652,6,4,0.04,0.46
653,9,4,0.02,0.52
654,42,4,0.01,0.35
655,50,4,0.01,0.32
656,25,4,0.03,0.41
657,47,4,0.0,0.35
658,6,4,0.03,0.51
659,6,4,0.06,0.43
660,18,4,0.01,0.45
661,48,4,0.02,0.87
662,29,4,0.02,0.51
663,37,4,0.32,0.32
664,48,4,0.7,0.44
665,41,4,0.01,0.33
666,6,4,0.08,0.23
667,1,4,0.01,0.44
668,13,4,0.62,0.37
669,6,4,0.04,1.0
670,25,4,0.91,0.36
671,6,4,0.03,0.41
672,34,4,0.0,0.57
673,49,4,0.05,1.0
674,44,4,0.01,0.44
675,51,4,0.14,0.28
676,39,4,0.14,0.4
677,47,4,0.23,0.33
678,27,4,0.01,0.14
679,12,4,0.0,0.23
680,55,4,0.04,0.55
681,39,4,0.01,0.34
682,6,4,0.13,0.46
683,42,4,1.0,0.43
684,12,4,0.01,0.43
685,53,4,0.05,0.41
686,34,4,0.02,0.62
687,4,4,0.03,0.26
688,6,4,0.07,1.0
689,53,4,0.07,0.38
690,6,4,0.05,0.42
691,39,4,0.0,0.49
692,51,4,0.15,0.45
693,6,4,0.07,0.97
694,13,4,0.06,0.29
695,47,4,0.01,0.45
696,48,4,1.0,0.36
697,34,4,0.04,0.56
698,39,4,0.04,0.41
699,48,4,0.18,0.54
700,6,4,0.05,1.0
701,6,4,0.05,0.61
702,41,4,0.03,0.36
703,41,4,0.0,0.41
704,23,4,0.0,0.64
705,6,4,0.09,0.18
706,51,4,0.0,0.28
707,39,4,0.02,0.42
708,40,4,0.01,0.37
709,12,4,0.02,0.31
710,42,4,0.0,0.3
711,21,4,0.01,0.37
712,39,4,0.1,0.41
713,27,4,0.02,0.8
714,48,4,0.01,0.55
715,21,4,0.0,0.37
716,9,4,0.02,0.42
717,6,4,0.05,0.51
718,29,4,0.05,0.6
719,48,4,0.02,0.36
720,34,4,0.02,0.47
721,33,4,0.03,0.36
722,41,4,0.03,0.33
723,6,4,0.01,0.2
724,6,4,0.03,0.6
725,42,4,0.01,0.38
726,42,4,0.03,0.58
727,6,4,0.13,1.0
728,13,4,0.16,0.41
729,39,4,0.01,0.41
730,6,4,0.13,0.5
731,48,4,0.01,0.43
732,12,4,0.0,0.49
733,22,4,0.01,0.41
734,39,4,0.02,0.33
735,12,4,0.01,0.53
736,37,4,0.01,0.42
737,42,4,0.0,0.18
738,33,4,0.0,1.0
739,23,4,0.09,0.24
740,48,4,0.19,0.57
741,51,4,0.16,0.15
742,25,4,0.01,0.47
743,37,4,0.01,0.31
744,28,4,0.03,0.42
745,6,4,0.03,0.53
746,24,4,0.02,0.23
747,38,4,0.01,0.41
748,44,4,0.12,0.39
749,39,4,0.0,0.52
750,50,4,0.0,0.34
751,48,4,0.03,0.74
752,6,4,0.02,0.84
753,21,4,0.07,0.34
754,55,4,0.02,0.51
755,25,4,0.0,0.39
756,53,4,0.05,0.42
757,39,4,0.01,0.43
758,37,4,0.0,0.12
759,6,4,0.02,0.71
760,19,4,0.03,0.43
761,48,4,0.03,0.58
762,41,4,0.02,0.31
763,34,4,0.01,0.63
764,6,4,0.0,0.41
765,9,4,0.01,0.33
766,34,4,0.0,0.71
767,48,4,0.07,0.44
768,12,4,0.01,0.15
769,47,4,0.02,0.38
770,6,4,0.03,0.66
771,1,4,0.07,0.41
772,34,4,0.0,0.57
773,21,4,0.03,0.42
774,36,4,0.01,0.41
775,29,4,0.02,0.28
776,47,4,0.0,0.2
777,34,4,0.1,0.46
778,36,4,0.09,0.29
779,49,4,0.03,0.45
780,47,4,0.0,0.29
781,6,4,0.12,0.57
782,47,4,0.06,0.39
783,34,4,0.01,0.39
784,5,4,0.08,0.48
785,34,4,0.06,0.43
786,37,4,0.01,0.41
787,25,4,0.14,0.32
788,44,4,0.03,0.44
789,1,4,0.02,0.39
790,34,4,0.01,0.44
791,34,4,0.04,0.23
792,13,4,0.03,0.42
793,55,4,0.01,0.47
794,12,4,0.09,0.37
795,41,4,0.01,0.37
796,12,4,0.08,0.45
797,55,4,0.0,0.44
798,41,4,0.01,0.31
799,42,4,0.02,0.28
800,2,4,0.03,0.46
801,42,5,0.0,0.56
802,34,5,0.03,0.47
803,34,5,0.02,0.42
804,22,5,0.0,0.53
805,48,5,0.02,0.45
806,53,5,0.01,0.36
807,41,5,0.01,0.29
808,29,5,0.04,0.36
809,8,5,0.44,0.38
810,16,5,0.01,1.0
811,12,5,0.0,0.4
812,6,5,0.09,0.67
813,53,5,0.04,0.23
814,54,5,0.02,0.32
815,40,5,0.0,0.37
816,34,5,0.13,0.51
817,34,5,0.01,0.24
818,25,5,0.0,0.38
819,44,5,0.0,0.52
820,13,5,0.01,0.63
821,42,5,0.02,0.47
822,28,5,0.05,0.43
823,29,5,0.0,0.46
824,48,5,0.03,0.54
825,25,5,0.01,0.51
826,25,5,0.01,0.62
827,6,5,0.01,0.46
828,12,5,0.0,0.1
829,42,5,0.02,0.17
830,6,5,0.05,0.55
831,12,5,0.04,0.29
832,9,5,0.03,0.41
833,44,5,0.01,0.46
834,42,5,0.03,0.43
835,12,5,0.0,0.12
836,6,5,0.02,0.67
837,39,5,0.02,0.34
838,6,5,0.05,0.34
839,9,5,0.08,0.43
840,42,5,0.0,0.58
841,48,5,0.15,0.53
842,6,5,0.02,0.56
843,6,5,0.04,0.7
844,18,5,0.12,0.42
845,12,5,0.05,0.3
846,6,5,0.16,0.76
847,37,5,0.01,0.3
848,35,5,0.04,0.54
849,39,5,0.02,0.44
850,6,5,0.03,0.45
851,6,5,0.06,0.4
852,9,5,0.0,0.5
853,42,5,0.0,0.33
854,39,5,0.0,0.42
855,48,5,0.06,0.71
856,24,5,0.0,0.32
857,4,5,0.06,0.71
858,37,5,0.04,0.39
859,39,5,0.06,0.51
860,48,5,0.02,0.68
861,42,5,0.01,0.29
862,4,5,0.0,0.72
863,37,5,0.01,0.28
864,18,5,0.02,0.46
865,48,5,0.02,0.89
866,5,5,0.01,0.51
867,45,5,0.05,0.54
868,12,5,0.07,0.22
869,48,5,0.23,0.33
870,12,5,0.12,0.44
871,12,5,0.03,0.25
872,6,5,0.04,0.65
873,48,5,0.01,0.65
874,48,5,0.01,0.67
875,13,5,0.05,0.21
876,48,5,0.02,0.35
877,1,5,0.01,0.46
878,37,5,0.05,0.52
879,39,5,0.01,0.46
880,21,5,0.01,0.51
881,6,5,0.02,0.26
882,45,5,0.0,0.51
883,6,5,0.07,0.48
884,40,5,0.04,0.36
885,18,5,0.02,0.33
886,6,5,0.11,0.52
887,6,5,0.14,0.72
888,42,5,0.01,0.28
889,18,5,0.02,0.49
890,6,5,0.06,0.46
891,25,5,0.07,0.23
892,42,5,0.01,0.47
893,13,5,0.0,0.66
894,46,5,0.01,0.55
895,5,5,0.03,0.52
896,1,5,0.01,0.36
897,47,5,0.01,1.0
898,9,5,0.04,0.35
899,48,5,0.01,0.4
900,24,5,0.04,0.28
901,55,5,0.02,0.42
902,18,5,0.01,0.49
903,36,5,0.02,0.4
904,44,5,0.01,0.39
905,6,5,0.1,0.56
906,33,5,0.03,0.49
907,6,5,0.16,0.51
908,34,5,0.01,0.26
909,55,5,0.01,0.55
910,29,5,0.68,0.33
911,34,5,0.0,0.84
912,21,5,0.0,0.63
913,42,5,0.01,0.32
914,36,5,0.04,0.34
915,49,5,0.04,0.6
916,8,5,0.0,0.45
917,9,5,0.08,0.36
918,1,5,0.0,0.62
919,16,5,0.06,0.45
920,4,5,0.19,0.23
921,12,5,0.0,0.15
922,34,5,0.01,0.47
923,25,5,0.01,0.52
924,34,5,0.06,0.33
925,48,5,0.0,0.42
926,18,5,0.01,0.34
927,6,5,0.06,0.3
928,40,5,0.0,0.41
929,54,5,0.02,0.27
930,6,5,0.04,0.53
931,44,5,0.01,0.68
932,6,5,0.02,0.52
933,6,5,0.03,0.32
934,34,5,0.02,0.65
935,55,5,0.01,0.27
936,25,5,0.02,0.56
937,48,5,0.02,0.49
938,25,5,0.0,0.57
939,16,5,0.03,0.43
940,39,5,0.0,0.52
941,36,5,0.01,0.34
942,48,5,0.01,0.49
943,1,5,0.02,0.23
944,34,5,0.02,0.52
945,34,5,0.03,0.68
946,39,5,0.57,0.29
947,6,5,0.03,0.99
948,37,5,0.06,0.43
949,48,5,0.02,0.61
950,6,5,0.03,0.94
951,25,5,0.0,0.49
952,18,5,0.01,0.35
953,45,5,0.01,0.69
954,12,5,0.0,0.37
955,34,5,0.01,0.49
956,1,5,0.04,0.67
957,39,5,0.0,0.61
958,6,5,0.04,0.0
959,42,5,0.03,0.35
960,13,5,0.27,0.47
961,21,5,0.01,0.28
962,1,5,0.11,0.43
963,19,5,0.0,0.48
964,9,5,0.01,0.51
965,42,5,0.01,0.58
966,48,5,0.03,0.65
967,48,5,0.17,0.43
968,4,5,0.03,0.68
969,12,5,0.01,0.36
970,13,5,0.0,0.37
971,39,5,0.8,0.37
972,25,5,0.0,0.59
973,18,5,0.01,0.31
974,34,5,0.06,0.66
975,34,5,0.06,0.44
976,25,5,0.0,0.52
977,13,5,0.02,0.38
978,22,5,0.0,0.44
979,44,5,0.24,0.48
980,23,5,0.02,0.31
981,41,5,0.01,0.45
982,23,5,0.01,0.42
983,21,5,0.01,0.39
984,39,5,0.02,0.46
985,44,5,0.04,0.32
986,42,5,0.01,0.52
987,6,5,0.07,0.84
988,34,5,0.01,0.34
989,25,5,0.02,0.55
990,46,5,0.01,0.32
991,39,5,0.0,0.37
992,13,5,0.05,0.52
993,37,5,0.0,0.32
994,55,5,0.0,0.33
995,34,5,0.0,0.97
996,37,5,0.01,0.33
997,5,5,0.02,0.38
998,8,5,0.0,0.31
999,6,5,0.08,1.0
1000,34,6,0.02,0.64
1001,55,6,0.08,0.45
1002,1,6,0.02,0.45
1003,6,6,0.07,0.24
1004,53,6,0.07,0.34
1005,37,6,0.2,0.33
1006,6,6,0.01,0.71
1007,39,6,0.28,0.36
1008,39,6,0.03,0.49
1009,44,6,0.03,0.37
1010,51,6,0.01,0.6
1011,48,6,0.01,0.52
1012,6,6,0.04,0.84
1013,9,6,0.03,0.44
1014,25,6,0.01,0.56
1015,6,6,0.01,0.24
1016,37,6,0.05,0.3
1017,39,6,0.02,0.43
1018,6,6,0.06,0.58
1019,6,6,0.17,0.32
1020,42,6,0.03,0.33
1021,22,6,0.04,0.55
1022,49,6,0.0,0.4
1023,6,6,0.08,0.49
1024,55,6,0.0,0.49
1025,56,6,0.0,0.65
1026,45,6,0.02,0.4
1027,18,6,0.01,0.44
1028,25,6,0.0,0.66
1029,29,6,0.09,0.45
1030,48,6,0.81,0.73
1031,48,6,0.02,0.55
1032,25,6,0.01,0.59
1033,34,6,0.04,0.07
1034,8,6,0.07,0.43
1035,48,6,0.0,1.0
1036,34,6,0.03,0.7
1037,34,6,0.0,0.46
1038,25,6,0.09,0.41
1039,6,6,0.01,0.36
1040,47,6,0.0,0.44
1041,37,6,0.01,0.3
1042,12,6,0.1,0.23
1043,55,6,0.0,0.37
1044,34,6,0.01,0.49
1045,11,6,0.96,0.32
1046,42,6,0.0,0.3
1047,55,6,0.0,0.42
1048,6,6,0.03,0.29
1049,42,6,0.03,0.47
1050,54,6,0.0,0.37
1051,55,6,0.29,0.34
1052,28,6,0.03,0.44
1053,42,6,0.0,0.47
1054,21,6,0.01,0.41
1055,12,6,0.01,0.41
1056,6,6,0.16,0.5
1057,6,6,0.1,0.43
1058,29,6,0.01,0.42
1059,6,6,0.2,0.53
1060,6,6,0.02,0.2
1061,6,6,1.0,0.69
1062,25,6,0.12,0.52
1063,55,6,0.01,0.18
1064,40,6,0.01,0.4
1065,6,6,0.01,0.46
1066,48,6,0.0,0.93
1067,37,6,0.05,0.41
1068,6,6,0.0,0.54
1069,39,6,0.0,0.3
1070,49,6,0.24,0.31
1071,12,6,0.01,0.03
1072,41,6,0.06,0.39
1073,6,6,0.14,0.69
1074,6,6,0.03,0.72
1075,12,6,0.01,0.39
1076,18,6,0.0,0.44
1077,9,6,0.02,0.36
1078,1,6,0.01,0.37
1079,39,6,0.03,0.33
1080,25,6,0.01,0.35
1081,39,6,0.0,0.32
1082,18,6,0.08,0.56
1083,49,6,0.0,1.0
1084,25,6,0.01,0.38
1085,45,6,0.0,0.65
1086,21,6,0.05,0.38
1087,8,6,0.12,0.31
1088,34,6,0.03,0.53
1089,55,6,0.09,0.29
1090,39,6,0.01,0.58
1091,53,6,0.05,0.25
1092,34,6,0.07,0.58
1093,48,6,0.01,0.57
1094,34,6,0.01,0.47
1095,39,6,0.02,0.36
1096,51,6,0.01,0.29
1097,25,6,0.0,0.42
1098,53,6,0.0,0.36
1099,37,6,0.0,0.24
1100,48,6,1.0,0.55
1101,25,6,0.02,0.45
1102,34,6,0.03,0.64
1103,44,6,0.02,0.59
1104,42,6,0.0,0.37
1105,6,6,0.06,0.65
1106,42,6,0.01,0.24
1107,4,6,0.04,0.53
1108,48,6,0.0,0.49
1109,22,6,0.14,0.41
1110,42,6,0.0,0.56
1111,5,6,0.01,0.57
1112,39,6,0.05,0.5
1113,39,6,0.01,0.45
1114,18,6,0.02,0.47
1115,9,6,0.02,0.43
1116,48,6,0.06,0.43
1117,40,6,0.01,0.35
1118,34,6,0.02,0.47
1119,18,6,0.01,0.44
1120,1,6,0.04,0.44
1121,6,6,0.26,0.56
1122,25,6,0.03,0.38
1123,40,6,0.11,0.36
1124,28,6,0.0,0.14
1125,34,6,0.01,0.39
1126,13,6,0.0,0.48
1127,6,6,0.09,0.23
1128,34,6,0.01,0.53
1129,6,6,0.13,0.3
1130,36,6,0.02,0.35
1131,34,6,0.01,0.38
1132,6,6,0.0,0.27
1133,44,6,0.02,0.57
1134,55,6,0.02,0.49
1135,12,6,0.56,0.49
1136,21,6,0.02,0.27
1137,48,6,0.09,0.4
1138,34,6,0.0,0.54
1139,6,6,0.05,0.44
1140,33,6,0.04,0.37
1141,42,6,0.0,0.38
1142,9,6,0.06,0.44
1143,6,6,0.03,0.49
1144,25,6,0.02,0.92
1145,47,6,0.02,0.4
1146,22,6,0.02,0.57
1147,6,6,0.02,1.0
1148,23,6,0.01,0.38
1149,9,6,0.0,0.57
1150,13,6,0.01,0.47
1151,13,6,0.06,0.43
1152,25,6,0.14,0.4
1153,47,6,0.02,0.27
1154,42,6,0.03,0.22
1155,42,6,0.05,0.56
1156,48,6,0.02,0.52
1157,5,6,0.1,0.34
1158,6,6,0.04,0.14
1159,4,6,0.0,0.46
1160,6,6,0.58,0.4
1161,6,6,0.01,0.84
1162,6,6,0.0,0.26
1163,6,6,0.01,0.36
1164,42,6,0.04,0.72
1165,51,6,0.2,0.46
1166,6,6,0.03,0.42
1167,1,6,0.0,0.36
1168,12,6,0.0,0.15
1169,36,6,0.01,0.35
1170,6,6,0.16,0.58
1171,29,6,0.0,0.35
1172,6,6,0.12,1.0
1173,6,6,0.01,0.09
1174,42,6,0.0,0.59
1175,9,6,0.02,0.51
1176,41,6,0.06,0.35
1177,19,6,0.08,0.45
1178,55,6,0.0,0.65
1179,8,6,0.02,0.53
1180,39,6,0.03,0.43
1181,12,6,0.03,0.24
1182,48,6,0.04,0.55
1183,45,6,0.03,0.46
1184,6,6,0.01,0.76
1185,34,6,0.01,0.54
1186,12,6,0.05,0.53
1187,25,6,0.03,0.59
1188,6,6,0.46,1.0
1189,25,6,0.02,0.49
1190,40,6,0.0,0.41
1191,33,6,0.0,0.4
1192,8,6,0.01,0.46
1193,48,6,0.0,0.42
1194,42,6,0.01,0.25
1195,34,6,0.01,0.49
1196,25,6,0.04,0.28
1197,13,6,0.04,0.4
1198,34,6,0.07,0.53
1199,42,7,0.0,0.6
1200,18,7,0.02,0.43
1201,12,7,0.18,0.34
1202,34,7,0.01,0.59
1203,53,7,0.03,0.33
1204,44,7,0.01,0.53
1205,12,7,0.05,0.41
1206,34,7,0.01,0.58
1207,53,7,0.02,0.45
1208,22,7,0.0,0.52
1209,34,7,0.03,0.4
1210,6,7,0.02,0.66
1211,25,7,0.03,0.49
1212,41,7,0.69,0.28
1213,42,7,0.0,0.5
1214,25,7,0.01,0.47
1215,34,7,0.0,0.41
1216,48,7,0.02,0.76
1217,6,7,0.02,0.63
1218,22,7,0.01,0.3
1219,55,7,0.04,0.59
1220,39,7,0.08,0.27
1221,6,7,0.04,0.62
1222,39,7,0.04,0.33
1223,29,7,0.0,0.58
1224,48,7,0.13,0.46
1225,41,7,0.09,0.44
1226,34,7,0.04,0.52
1227,34,7,0.01,0.42
1228,42,7,0.02,0.4
1229,34,7,0.09,0.62
1230,4,7,0.02,0.35
1231,36,7,0.01,0.67
1232,36,7,0.0,0.8
1233,25,7,0.0,0.49
1234,44,7,0.05,0.36
1235,9,7,0.0,0.48
1236,42,7,0.0,0.43
1237,6,7,0.02,0.8
1238,13,7,0.01,0.49
1239,39,7,0.01,0.28
1240,40,7,0.03,0.37
1241,6,7,0.26,0.52
1242,55,7,0.07,0.42
1243,34,7,0.0,0.72
1244,34,7,0.02,0.51
1245,42,7,0.58,0.31
1246,19,7,0.01,0.48
1247,19,7,0.09,0.34
1248,9,7,0.09,0.47
1249,9,7,0.04,0.59
1250,25,7,0.02,0.41
1251,48,7,0.11,0.4
1252,6,7,0.03,0.32
1253,1,7,0.01,0.61
1254,48,7,0.02,0.49
1255,6,7,0.08,0.17
1256,25,7,0.02,0.51
1257,47,7,0.0,0.39
1258,6,7,0.12,0.79
1259,6,7,0.11,0.71
1260,41,7,0.0,0.3
1261,34,7,0.0,0.52
1262,13,7,0.0,0.45
1263,22,7,0.78,0.43
1264,6,7,0.12,0.31
1265,34,7,0.02,0.4
1266,48,7,0.1,0.4
1267,34,7,0.02,0.53
1268,39,7,0.08,0.21
1269,42,7,0.04,0.44
1270,48,7,0.03,0.91
1271,6,7,0.02,0.81
1272,48,7,0.13,0.48
1273,34,7,0.03,0.47
1274,1,7,0.02,0.47
1275,28,7,0.0,0.45
1276,6,7,0.02,1.0
1277,55,7,0.0,0.4
1278,25,7,0.03,0.6
1279,6,7,0.04,0.38
1280,6,7,0.05,0.18
1281,1,7,0.0,0.39
1282,48,7,0.02,0.64
1283,39,7,0.01,0.44
1284,5,7,0.04,0.22
1285,51,7,0.01,0.52
1286,6,7,0.55,0.57
1287,25,7,0.03,0.35
1288,6,7,0.02,0.34
1289,29,7,0.0,0.34
1290,1,7,0.0,0.54
1291,6,7,0.03,0.54
1292,6,7,0.0,0.47
1293,5,7,0.02,0.54
1294,18,7,0.01,0.33
1295,12,7,0.05,0.24
1296,22,7,0.06,0.47
1297,34,7,0.0,0.42
1298,9,7,0.01,0.55
1299,16,7,0.01,0.53
1300,5,7,0.02,0.37
1301,40,7,0.01,0.56
1302,47,7,0.01,0.33
1303,34,7,0.0,0.59
1304,48,7,0.12,0.81
1305,39,7,0.05,0.41
1306,39,7,0.0,0.34
1307,40,7,0.57,0.29
1308,6,7,0.03,0.79
1309,41,7,0.01,0.47
1310,12,7,0.1,0.37
1311,22,7,0.01,0.48
1312,51,7,0.03,0.61
1313,6,7,0.0,0.24
1314,4,7,1.0,0.44
1315,51,7,0.0,0.58
1316,25,7,0.05,0.48
1317,39,7,0.0,0.36
1318,5,7,0.01,0.46
1319,39,7,0.01,0.6
1320,34,7,0.0,0.29
1321,40,7,0.02,0.35
1322,48,7,0.07,0.51
1323,23,7,0.0,0.43
1324,48,7,0.0,0.47
1325,54,7,0.04,0.27
1326,6,7,0.02,0.15
1327,48,7,0.01,0.7
1328,32,7,0.09,0.51
1329,42,7,0.0,0.44
1330,48,7,0.03,0.48
1331,9,7,0.01,0.55
1332,12,7,0.01,0.32
1333,34,7,0.01,0.2
1334,4,7,0.22,0.49
1335,55,7,0.02,0.4
1336,19,7,0.0,0.33
1337,42,7,0.01,0.52
1338,25,7,0.01,0.41
1339,48,7,0.03,0.38
1340,45,7,0.03,0.39
1341,54,7,0.01,0.22
1342,32,7,0.4,0.41
1343,55,7,0.04,0.37
1344,25,7,0.11,0.36
1345,39,7,0.01,0.44
1346,48,7,0.1,0.49
1347,53,7,0.0,0.33
1348,42,7,0.0,0.36
1349,23,7,0.01,0.38
1350,25,7,0.02,0.48
1351,6,7,0.07,1.0
1352,48,7,0.0,0.49
1353,48,7,0.06,0.47
1354,12,7,0.13,0.04
1355,39,7,0.0,0.24
1356,34,7,0.0,0.41
1357,9,7,0.01,0.49
1358,56,7,0.01,0.45
1359,42,7,0.0,0.36
1360,54,7,0.01,0.27
1361,47,7,0.11,0.6
1362,48,7,0.0,0.6
1363,25,7,0.13,0.35
1364,42,7,0.0,0.44
1365,34,7,0.12,0.77
1366,48,7,0.01,0.42
1367,29,7,0.0,0.21
1368,48,7,0.01,0.66
1369,9,7,0.0,0.41
1370,6,7,0.07,0.93
1371,48,7,0.0,0.62
1372,55,7,0.01,0.69
1373,6,7,0.02,0.76
1374,6,7,0.11,0.64
1375,46,7,0.0,0.39
1376,42,7,0.07,0.36
1377,6,7,0.1,0.78
1378,5,7,0.03,0.42
1379,28,7,0.3,0.48
1380,28,7,0.0,0.4
1381,37,7,0.01,0.45
1382,9,7,0.0,0.48
1383,53,7,0.0,0.41
1384,39,7,0.03,0.76
1385,6,7,0.01,0.72
1386,38,7,0.01,0.36
1387,6,7,0.0,0.54
1388,34,7,0.02,0.69
1389,36,7,0.07,0.28
1390,12,7,0.04,0.33
1391,25,7,0.07,0.41
1392,18,7,0.0,0.39
1393,12,7,0.08,0.23
1394,51,7,0.02,0.39
1395,39,7,0.01,0.3
1396,48,7,0.02,0.43
1397,34,7,0.02,0.45
1398,45,8,0.05,0.77
1399,48,8,0.02,0.47
1400,34,8,0.0,0.47
1401,9,8,0.01,0.68
1402,34,8,0.01,0.56
1403,6,8,0.03,1.0
1404,40,8,0.03,0.34
1405,48,8,0.01,0.55
1406,25,8,0.0,0.63
1407,25,8,0.02,0.47
1408,49,8,0.01,0.78
1409,34,8,0.03,0.44
1410,34,8,0.04,0.57
1411,12,8,0.09,0.13
1412,27,8,0.01,0.31
1413,9,8,0.0,0.33
1414,6,8,0.02,1.0
1415,29,8,0.03,0.32
1416,18,8,0.01,0.33
1417,6,8,0.04,0.67
1418,29,8,0.0,0.42
1419,34,8,0.06,0.81
1420,41,8,0.01,0.52
1421,39,8,0.08,0.39
1422,25,8,0.05,0.45
1423,39,8,0.0,0.52
1424,42,8,0.01,0.24
1425,9,8,0.04,0.32
1426,55,8,0.07,0.39
1427,34,8,0.02,0.46
1428,48,8,0.0,0.54
1429,37,8,0.01,0.37
1430,1,8,0.02,0.37
1431,44,8,0.01,0.45
1432,48,8,0.0,0.56
1433,12,8,0.06,0.21
1434,25,8,0.0,0.64
1435,34,8,0.01,0.46
1436,12,8,0.04,0.17
1437,6,8,0.32,0.66
1438,36,8,0.12,0.46
1439,48,8,0.02,0.59
1440,34,8,0.01,0.42
1441,34,8,0.0,0.26
1442,36,8,0.36,0.34
1443,53,8,0.04,0.37
1444,6,8,0.05,0.67
1445,35,8,0.03,0.54
1446,34,8,0.04,0.41
1447,6,8,0.03,0.66
1448,41,8,0.06,0.45
1449,55,8,0.03,0.48
1450,34,8,0.06,0.39
1451,1,8,0.3,0.41
1452,22,8,0.03,0.55
1453,12,8,0.0,0.58
1454,18,8,0.08,0.45
1455,25,8,0.0,0.42
1456,8,8,0.13,0.48
1457,6,8,0.01,1.0
1458,34,8,0.02,0.6
1459,25,8,0.02,0.61
1460,6,8,0.09,0.28
1461,9,8,0.02,0.53
1462,49,8,0.01,1.0
1463,13,8,0.01,0.65
1464,9,8,0.01,0.41
1465,34,8,0.01,0.53
1466,2,8,0.35,0.48
1467,25,8,0.03,0.31
1468,34,8,0.01,0.31
1469,27,8,0.01,0.92
1470,48,8,0.06,0.38
1471,48,8,0.0,1.0
1472,18,8,0.03,0.35
1473,48,8,0.0,0.53
1474,39,8,0.0,0.33
1475,25,8,0.02,0.61
1476,12,8,0.0,0.3
1477,42,8,0.12,0.36
1478,6,8,0.21,0.94
1479,34,8,0.02,0.51
1480,6,8,0.02,0.72
1481,37,8,0.01,0.34
1482,47,8,0.96,0.44
1483,18,8,0.03,0.37
1484,34,8,0.0,0.36
1485,34,8,0.0,0.5
1486,55,8,0.01,0.5
1487,22,8,0.07,0.55
1488,24,8,0.05,0.39
1489,53,8,0.01,0.39
1490,34,8,0.03,0.55
1491,6,8,0.0,0.59
1492,6,8,0.16,0.62
1493,13,8,0.01,0.36
1494,39,8,0.06,0.53
1495,34,8,0.05,0.43
1496,6,8,0.0,0.2
1497,48,8,0.0,0.55
1498,35,8,0.0,0.52
1499,42,8,0.04,0.51
1500,51,8,0.03,0.59
1501,6,8,0.01,0.48
1502,6,8,0.05,0.64
1503,53,8,0.27,0.37
1504,25,8,0.0,0.24
1505,36,8,0.02,0.32
1506,1,8,0.01,0.38
1507,45,8,0.0,0.33
1508,53,8,0.03,0.45
1509,37,8,0.05,0.64
1510,22,8,0.1,0.43
1511,41,8,0.16,0.43
1512,34,8,0.04,0.21
1513,36,8,0.25,0.37
1514,12,8,0.09,0.33
1515,10,8,0.03,0.51
1516,29,8,0.0,0.35
1517,9,8,0.0,0.48
1518,34,8,0.0,0.28
1519,25,8,0.02,0.37
1520,34,8,0.0,0.53
1521,25,8,0.0,0.53
1522,34,8,0.04,0.61
1523,42,8,0.05,0.6
1524,28,8,0.01,0.37
1525,34,8,0.01,0.53
1526,39,8,0.02,0.39
1527,33,8,0.01,0.39
1528,6,8,0.06,0.6
1529,25,8,0.06,0.33
1530,48,8,0.03,0.44
1531,34,8,0.01,0.3
1532,33,8,0.02,0.61
1533,6,8,0.09,0.69
1534,6,8,0.01,0.23
1535,6,8,0.21,0.73
1536,34,8,0.02,0.27
1537,22,8,0.3,0.42
1538,21,8,0.0,0.38
1539,6,8,0.04,0.64
1540,12,8,0.06,0.1
1541,36,8,0.09,0.32
1542,45,8,0.02,0.39
1543,6,8,0.17,0.51
1544,29,8,0.0,0.57
1545,27,8,0.58,0.25
1546,21,8,0.01,0.44
1547,36,8,0.01,0.72
1548,6,8,0.01,0.51
1549,25,8,0.01,0.58
1550,13,8,0.0,0.34
1551,9,8,0.03,0.53
1552,21,8,0.01,0.49
1553,23,8,0.02,0.39
1554,55,8,0.03,0.34
1555,45,8,0.0,0.26
1556,25,8,0.08,0.43
1557,40,8,0.06,0.35
1558,6,8,0.01,0.51
1559,5,8,0.01,0.41
1560,40,8,0.04,0.41
1561,6,8,0.04,0.61
1562,34,8,0.0,0.59
1563,55,8,0.01,0.33
1564,12,8,0.06,0.35
1565,34,8,0.0,0.33
1566,48,8,0.02,0.64
1567,48,8,0.28,0.46
1568,22,8,0.1,0.55
1569,56,8,0.01,0.29
1570,6,8,0.08,0.72
1571,1,8,0.01,0.37
1572,40,8,0.07,0.51
1573,55,8,0.01,0.34
1574,53,8,0.0,0.39
1575,35,8,0.06,0.49
1576,51,8,0.23,0.58
1577,6,8,0.15,0.62
1578,16,8,0.05,0.48
1579,55,8,0.0,0.27
1580,9,8,0.01,0.4
1581,12,8,0.0,0.49
1582,39,8,0.0,0.49
1583,35,8,0.01,0.67
1584,40,8,0.08,0.62
1585,24,8,0.02,0.24
1586,48,8,0.03,0.85
1587,55,8,0.06,0.37
1588,47,8,0.06,0.36
1589,39,8,0.0,0.33
1590,48,8,0.03,0.54
1591,37,8,0.08,0.24
1592,39,8,0.01,0.54
1593,55,8,0.01,0.32
1594,39,8,0.0,0.47
1595,34,8,0.06,0.49
1596,45,8,0.14,0.56
1597,48,9,0.02,0.66
1598,24,9,0.02,0.26
1599,6,9,0.11,0.43
1600,25,9,0.01,0.66
1601,49,9,0.01,0.71
1602,5,9,0.01,0.52
1603,4,9,0.13,0.55
1604,32,9,0.07,0.41
1605,36,9,0.02,0.29
1606,36,9,0.0,0.32
1607,42,9,0.0,0.28
1608,6,9,0.04,1.0
1609,13,9,0.02,0.56
1610,55,9,0.01,0.46
1611,24,9,0.02,0.37
1612,25,9,0.01,0.49
1613,6,9,0.06,0.97
1614,49,9,0.02,0.73
1615,34,9,0.03,0.84
1616,6,9,0.0,0.53
1617,34,9,0.01,0.51
1618,2,9,0.03,0.53
1619,47,9,0.01,0.68
1620,6,9,0.05,0.76
1621,48,9,0.01,0.36
1622,48,9,0.03,0.69
1623,55,9,0.01,0.42
1624,12,9,0.03,0.44
1625,48,9,0.0,0.39
1626,8,9,0.74,0.21
1627,9,9,0.11,0.36
1628,34,9,0.02,0.56
1629,6,9,0.01,0.76
1630,23,9,0.0,1.0
1631,55,9,0.0,0.35
1632,53,9,0.02,0.41
1633,4,9,0.45,0.45
1634,36,9,0.51,0.31
1635,34,9,0.02,0.49
1636,25,9,0.01,0.55
1637,1,9,0.05,0.32
1638,9,9,0.05,0.38
1639,12,9,0.0,0.15
1640,49,9,0.0,0.53
1641,9,9,0.21,0.47
1642,48,9,0.05,0.46
1643,34,9,0.01,0.64
1644,33,9,0.11,0.4
1645,21,9,0.02,0.49
1646,50,9,0.05,0.45
1647,25,9,0.01,0.54
1648,48,9,0.03,0.46
1649,42,9,0.01,0.27
1650,34,9,0.01,0.29
1651,34,9,0.04,0.53
1652,48,9,0.01,0.56
1653,33,9,0.01,0.66
1654,34,9,0.0,0.49
1655,18,9,0.0,0.13
1656,6,9,0.08,0.5
1657,55,9,0.01,0.63
1658,40,9,0.02,0.55
1659,55,9,0.02,0.39
1660,6,9,0.04,0.49
1661,34,9,0.03,0.48
1662,24,9,0.04,0.29
1663,22,9,0.01,0.68
1664,25,9,0.05,0.34
1665,21,9,0.01,0.35
1666,5,9,0.0,0.57
1667,28,9,0.0,0.55
1668,42,9,0.0,0.53
1669,55,9,0.06,0.35
1670,6,9,0.1,1.0
1671,12,9,0.06,0.28
1672,40,9,0.01,0.29
1673,42,9,0.03,0.49
1674,19,9,0.02,0.37
1675,37,9,0.02,0.92
1676,25,9,0.01,0.71
1677,34,9,0.0,0.52
1678,5,9,0.02,0.41
1679,37,9,0.0,0.47
1680,36,9,0.01,0.49
1681,8,9,0.03,0.5
1682,32,9,0.0,0.36
1683,37,9,0.0,0.72
1684,6,9,0.07,0.9
1685,18,9,0.04,0.52
1686,41,9,0.04,0.58
1687,19,9,0.14,0.39
1688,34,9,0.01,0.58
1689,48,9,0.02,0.59
1690,48,9,0.0,0.5
1691,53,9,0.0,0.76
1692,48,9,0.01,0.56
1693,5,9,0.0,0.41
1694,6,9,0.0,0.54
1695,39,9,0.04,0.55
1696,48,9,0.4,0.41
1697,25,9,0.01,0.42
1698,44,9,0.02,0.79
1699,12,9,0.22,0.23
1700,6,9,0.03,0.78
1701,48,9,0.02,0.52
1702,51,9,0.01,0.37
1703,48,9,0.12,0.46
1704,48,9,0.02,0.42
1705,9,9,0.06,0.54
1706,34,9,0.0,0.62
1707,51,9,0.01,0.36
1708,51,9,0.07,0.53
1709,9,9,0.01,0.31
1710,6,9,0.03,0.52
1711,48,9,0.18,1.0
1712,32,9,0.2,0.28
1713,34,9,0.04,0.15
1714,39,9,0.0,0.5
1715,6,9,0.03,0.19
1716,29,9,0.01,0.54
1717,51,9,0.62,0.57
1718,21,9,0.01,0.35
1719,37,9,0.0,0.31
1720,45,9,0.01,0.39
1721,13,9,0.05,0.42
1722,12,9,0.43,0.33
1723,33,9,0.02,0.32
1724,29,9,0.03,0.35
1725,6,9,0.14,0.4
1726,42,9,0.01,0.57
1727,48,9,0.01,0.6
1728,5,9,0.08,0.34
1729,47,9,0.06,0.43
1730,48,9,0.0,0.5
1731,56,9,0.01,0.53
1732,12,9,0.0,0.45
1733,48,9,0.01,0.48
1734,39,9,0.0,0.39
1735,25,9,0.02,0.54
1736,33,9,0.0,0.29
1737,53,9,0.03,0.32
1738,42,9,0.0,0.58
1739,34,9,0.01,0.3
1740,8,9,0.1,0.45
1741,9,9,0.02,0.65
1742,51,9,0.01,0.39
1743,6,9,0.27,0.42
1744,27,9,0.0,0.53
1745,38,9,0.1,0.34
1746,55,9,0.01,0.63
1747,29,9,0.0,0.31
1748,6,9,0.14,0.6
1749,25,9,0.0,0.59
1750,12,9,0.05,0.32
1751,40,9,0.01,0.32
1752,51,9,0.26,0.44
1753,34,9,0.02,0.48
1754,12,9,0.08,0.3
1755,45,9,0.02,0.41
1756,56,9,0.0,0.67
1757,12,9,0.01,0.15
1758,25,9,0.0,0.61
1759,42,9,0.0,0.51
1760,6,9,0.12,0.45
1761,42,9,0.01,0.72
1762,42,9,0.01,0.4
1763,42,9,0.0,0.5
1764,21,9,0.02,0.42
1765,29,9,0.05,0.28
1766,9,9,0.03,0.34
1767,25,9,0.03,0.49
1768,6,9,0.15,0.29
1769,49,9,0.01,1.0
1770,6,9,0.02,0.48
1771,48,9,0.04,1.0
1772,39,9,0.0,0.42
1773,39,9,0.01,0.37
1774,12,9,0.06,0.35
1775,40,9,0.0,0.34
1776,12,9,0.01,0.28
1777,18,9,0.0,0.72
1778,51,9,0.4,0.58
1779,6,9,0.14,0.92
1780,42,9,0.01,0.59
1781,34,9,0.09,0.44
1782,53,9,0.0,0.4
1783,9,9,0.05,0.46
1784,22,9,0.02,0.56
1785,48,9,0.04,0.69
1786,39,9,0.03,0.59
1787,9,9,0.03,0.33
1788,49,9,0.0,0.25
1789,34,9,0.03,0.46
1790,6,9,0.2,0.42
1791,37,9,0.1,0.37
1792,47,9,0.03,0.72
1793,34,9,0.0,0.57
1794,9,9,0.04,0.54
1795,6,9,0.07,0.69
1796,53,10,0.12,0.32
1797,12,10,0.0,0.24
1798,25,10,0.01,0.47
1799,48,10,0.01,0.28
1800,6,10,0.05,0.4
1801,39,10,0.01,0.35
1802,45,10,0.08,0.32
1803,42,10,0.0,0.55
1804,39,10,0.02,0.28
1805,33,10,0.0,0.36
1806,19,10,0.03,0.31
1807,53,10,0.03,0.37
1808,25,10,0.01,0.68
1809,29,10,0.05,0.32
1810,48,10,0.0,0.46
1811,34,10,0.05,0.77
1812,18,10,0.04,0.34
1813,34,10,0.02,0.35
1814,48,10,0.02,0.6
1815,29,10,0.01,0.65
1816,36,10,0.03,0.59
1817,9,10,0.01,0.54
1818,37,10,0.07,0.29
1819,9,10,0.0,0.57
1820,6,10,0.05,0.52
1821,53,10,0.01,0.33
1822,6,10,0.02,0.26
1823,28,10,0.06,0.59
1824,29,10,0.0,0.34
1825,25,10,0.02,0.32
1826,29,10,0.21,0.33
1827,34,10,0.0,0.45
1828,1,10,0.05,0.35
1829,6,10,0.16,0.48
1830,49,10,0.02,0.87
1831,48,10,0.0,0.61
1832,12,10,0.01,0.34
1833,34,10,0.0,0.64
1834,38,10,0.0,0.5
1835,25,10,0.0,0.47
1836,34,10,0.21,0.73
1837,13,10,0.01,0.45
1838,40,10,0.01,0.41
1839,40,10,0.7,0.35
1840,9,10,0.06,0.35
1841,18,10,0.08,0.33
1842,28,10,0.05,0.4
1843,13,10,0.01,0.41
1844,22,10,0.07,0.5
1845,34,10,0.05,0.58
1846,34,10,0.02,0.53
1847,48,10,0.01,0.54
1848,34,10,0.43,0.62
1849,48,10,0.0,0.43
1850,51,10,0.05,0.42
1851,28,10,0.01,0.44
1852,12,10,0.02,0.09
1853,51,10,0.02,0.32
1854,38,10,0.06,0.45
1855,48,10,0.0,0.46
1856,54,10,0.04,0.28
1857,47,10,0.01,0.32
1858,54,10,0.03,0.46
1859,29,10,0.04,0.39
1860,55,10,0.12,0.44
1861,21,10,0.03,0.28
1862,4,10,0.07,0.5
1863,37,10,0.01,0.35
1864,46,10,0.01,0.36
1865,34,10,0.01,0.53
1866,12,10,0.25,0.36
1867,48,10,0.0,0.51
1868,42,10,0.0,0.3
1869,55,10,0.07,0.42
1870,42,10,0.02,0.33
1871,48,10,0.02,0.6
1872,42,10,0.01,0.58
1873,45,10,0.11,0.42
1874,51,10,0.02,0.41
1875,25,10,0.01,0.35
1876,6,10,0.07,0.53
1877,6,10,0.1,0.7
1878,23,10,0.05,0.36
1879,25,10,0.1,0.56
1880,28,10,0.01,0.46
1881,34,10,0.04,0.39
1882,34,10,0.0,0.37
1883,25,10,0.01,0.51
1884,6,10,0.02,0.44
1885,6,10,0.05,0.31
1886,34,10,0.04,0.52
1887,45,10,0.02,0.51
1888,6,10,0.05,0.55
1889,39,10,0.02,0.44
1890,48,10,0.01,0.62
1891,5,10,0.0,0.43
1892,4,10,0.21,0.39
1893,25,10,0.12,0.3
1894,39,10,0.03,0.35
1895,9,10,0.03,0.46
1896,39,10,0.01,0.53
1897,34,10,0.01,0.41
1898,25,10,0.04,0.53
1899,18,10,0.0,0.42
1900,49,10,0.0,1.0
1901,1,10,0.02,0.55
1902,40,10,0.01,0.47
1903,6,10,0.0,0.65
1904,53,10,0.04,0.28
1905,48,10,0.05,0.35
1906,12,10,0.06,0.08
1907,34,10,0.01,0.37
1908,21,10,0.42,0.3
1909,23,10,0.04,0.35
1910,34,10,0.0,0.58
1911,6,10,0.2,0.94
1912,29,10,0.02,0.4
1913,39,10,0.0,0.37
1914,6,10,0.03,0.45
1915,12,10,0.0,0.1
1916,34,10,0.01,0.65
1917,6,10,0.02,1.0
1918,24,10,0.0,0.37
1919,48,10,0.01,0.43
1920,36,10,0.01,0.52
1921,48,10,0.01,0.78
1922,6,10,0.02,0.82
1923,6,10,0.12,0.35
1924,6,10,0.07,0.66
1925,6,10,0.15,0.55
1926,6,10,0.03,0.76
1927,55,10,0.01,0.36
1928,34,10,0.02,0.45
1929,29,10,0.02,0.46
1930,29,10,0.01,0.31
1931,34,10,0.01,0.57
1932,34,10,0.03,0.33
1933,34,10,0.0,0.65
1934,42,10,0.01,0.45
1935,29,10,0.0,0.33
1936,19,10,0.01,0.29
1937,34,10,0.04,0.16
1938,33,10,0.0,0.3
1939,35,10,0.03,0.43
1940,36,10,0.02,0.55
1941,54,10,0.08,0.23
1942,6,10,0.07,0.5
1943,47,10,0.01,0.53
1944,4,10,0.01,0.28
1945,6,10,0.06,0.42
1946,13,10,0.01,0.47
1947,6,10,0.11,0.68
1948,41,10,0.01,0.29
1949,34,10,0.0,0.59
1950,18,10,0.26,0.35
1951,25,10,0.0,0.52
1952,6,10,0.16,0.56
1953,6,10,0.07,0.56
1954,39,10,0.01,0.41
1955,6,10,1.0,0.48
1956,34,10,0.02,0.66
1957,37,10,0.03,0.37
1958,5,10,0.27,0.32
1959,5,10,0.03,0.59
1960,45,10,0.02,0.8
1961,38,10,0.01,0.39
1962,39,10,0.07,0.4
1963,6,10,0.08,0.66
1964,36,10,0.03,0.32
1965,36,10,0.09,0.45
1966,18,10,1.0,0.36
1967,6,10,0.09,0.41
1968,25,10,0.01,0.66
1969,34,10,0.0,0.24
1970,6,10,1.0,0.29
1971,45,10,0.0,0.37
1972,1,10,0.06,0.39
1973,6,10,0.08,0.49
1974,39,10,0.0,0.38
1975,37,10,0.0,0.41
1976,53,10,0.05,0.27
1977,25,10,0.06,0.29
1978,47,10,0.01,0.35
1979,9,10,0.01,0.54
1980,34,10,0.02,0.43
1981,25,10,0.06,0.43
1982,9,10,0.07,0.38
1983,42,10,0.0,0.47
1984,13,10,0.01,0.45
1985,39,10,0.01,0.43
1986,1,10,0.01,0.41
1987,9,10,0.05,0.52
1988,44,10,0.01,0.65
1989,28,10,0.02,0.41
1990,12,10,0.01,0.4
1991,6,10,0.05,0.96
1992,9,10,0.16,0.37
1993,25,10,0.08,0.51
1994,6,10,0.2,0.78
